"Part";"Value";"Device";"Package";"Description";"ARROW_ELECTRONICS-PURCHASE-URL";"AVAILABILITY";"BUILT_BY";"COPYRIGHT";"DATASHEET";"DESCRIPTION";"DIGIKEY-PURCHASE-URL";"MANUFACTURER_PART_NUMBER";"MF";"MOUSER-PURCHASE-URL";"MP";"PACKAGE";"POPULARITY";"PRICE";"PROD_ID";"SOURCELIBRARY";"TP_SIGNAL_NAME";"VALUE";"VENDOR";
"1";"TPB1,27";"TPB1,27";"B1,27";"Test pad";"";"";"";"";"";"";"";"";"";"";"";"";"19";"";"";"";"";"";"";
"AT.PROG";"";"CONN_061.27MM";"1X06_1.27MM";"Multi connection point. Often used as Generic Header-pin footprint for 0.1 inch spaced/style header connections";"";"";"";"";"";"";"";"";"";"";"";"";"";"";"";"";"";"";"";
"ATT";"1";"ATTINY85V-10SU8S2-M";"8S2-M";"";"";"";"EMA_UL_Team";"";"";"";"";"ATTINY85V-10SU";"";"";"";"";"";"";"";"";"";"";"Atmel";
"BAT";"";"CONN_02LOCK_LONGPADS";"1X02_LOCK_LONGPADS";"Multi connection point. Often used as Generic Header-pin footprint for 0.1 inch spaced/style header connections";"";"";"";"";"";"";"";"";"";"";"";"";"";"";"";"";"";"";"";
"BQ24092";"BQ24092DGQR";"BQ24092DGQR";"SOP50P490X110-11N";"1A, Single-Input, Single Cell Li-Ion Battery Charger";"";"Unavailable";"";"";"";" 1A, Single-Input, Single-Cell Li-Ion Battery Charger with Operation Over JEITA and 10kO NTC 10-MSOP-PowerPAD -40 to 150 ";"";"";"Texas Instruments";"";"BQ24092DGQR";"MSOP-10 Texas Instruments";"";"None";"";"";"";"";"";
"C1";"1uF";"C-USC0402";"C0402";"CAPACITOR, American symbol";"";"";"";"";"";"";"";"";"";"";"";"";"";"";"";"";"";"";"";
"C2";"22uF";"C-USC0402";"C0402";"CAPACITOR, American symbol";"";"";"";"";"";"";"";"";"";"";"";"";"";"";"";"";"";"";"";
"C3";"22uF";"C-USC0402";"C0402";"CAPACITOR, American symbol";"";"";"";"";"";"";"";"";"";"";"";"";"";"";"";"";"";"";"";
"C4";"22uF";"C-USC0402";"C0402";"CAPACITOR, American symbol";"";"";"";"";"";"";"";"";"";"";"";"";"";"";"";"";"";"";"";
"C5";"1uF";"C-USC0402";"C0402";"CAPACITOR, American symbol";"";"";"";"";"";"";"";"";"";"";"";"";"";"";"";"";"";"";"";
"C6";"22uF";"C-USC0402";"C0402";"CAPACITOR, American symbol";"";"";"";"";"";"";"";"";"";"";"";"";"";"";"";"";"";"";"";
"C7";"22uF";"C-USC0402";"C0402";"CAPACITOR, American symbol";"";"";"";"";"";"";"";"";"";"";"";"";"";"";"";"";"";"";"";
"D7";"Blue";"LED-BLUE0603";"LED-0603";"Blue SMD LED";"";"";"";"";"";"";"";"";"";"";"";"";"";"";"DIO-08575";"";"";"BLUE";"";
"IN";"";"CONN_02LOCK_LONGPADS";"1X02_LOCK_LONGPADS";"Multi connection point. Often used as Generic Header-pin footprint for 0.1 inch spaced/style header connections";"";"";"";"";"";"";"";"";"";"";"";"";"";"";"";"";"";"";"";
"IO";"";"CONN_01PTH_LONGPAD";"1X01_LONGPAD";"Single connection point. Often used as Generic Header-pin footprint for 0.1 inch spaced/style header connections";"";"";"";"";"";"";"";"";"";"";"";"";"";"";"";"";"";"";"";
"L1";"1uH";"ATFC-0402-2N5B-T";"INDC1005X37N";"Check prices";"";"In Stock";"";"";"";" 2.5nH Unshielded Thin Film Inductor 440mA 350mOhm Max 0402 (1005 Metric) ";"";"";"Abracon";"";"ATFC-0402-2N5B-T";"1005 Abracon";"";"None";"";"";"";"";"";
"NTC";"NCP18WF104J03RB";"NCP18WF104J03RB";"THERM_NCP18WF104J03RB";"Thermistor NTC 100K Ohm 5% 2-Pin 0603 Surface Mount Solder Pad 4311K T/R";"";"Unavailable";"";"";"";" NTC Thermistor 100k 0603 _1608 Metric_ ";"";"";"Murata Electronics";"";"NCP18WF104J03RB";"0603 Murata Electronics";"";"None";"";"";"";"";"";
"OUT";"";"CONN_02LOCK_LONGPADS";"1X02_LOCK_LONGPADS";"Multi connection point. Often used as Generic Header-pin footprint for 0.1 inch spaced/style header connections";"";"";"";"";"";"";"";"";"";"";"";"";"";"";"";"";"";"";"";
"PS1";"RPM5.0-6.0-CT";"RPM3.3-6.0-CT";"CONV_RPM3.3-6.0-CT";"6 Amp";"";"In Stock";"";"";"";" Non-Isolated PoL Module DC DC Converter 1 Output 3.3V 6A 4V - 15V Input ";"";"";"Recom Power";"";"RPM3.3-6.0-CT";"BLGA-25 Recom Power";"";"None";"";"";"";"";"";
"Q1";"FDN360P";"FDN360P";"SUPER-SOT3";"Single P-Channel, PowerTrench (R) MOSFET";"https://snapeda.com/shop?store=Arrow+Electronics&id=2105995";"Good";"";"";"";" P-Channel 30V 2A (Ta) 500mW (Ta) Surface Mount SuperSOT-3 ";"https://snapeda.com/shop?store=DigiKey&id=2105995";"";"ON Semiconductor";"https://snapeda.com/shop?store=Mouser&id=2105995";"FDN360P";"SC-59 ON Semiconductor";"";"None";"";"";"";"";"";
"Q2";"FDN360P";"FDN360P";"SUPER-SOT3";"Single P-Channel, PowerTrench (R) MOSFET";"https://snapeda.com/shop?store=Arrow+Electronics&id=2105995";"Good";"";"";"";" P-Channel 30V 2A (Ta) 500mW (Ta) Surface Mount SuperSOT-3 ";"https://snapeda.com/shop?store=DigiKey&id=2105995";"";"ON Semiconductor";"https://snapeda.com/shop?store=Mouser&id=2105995";"FDN360P";"SC-59 ON Semiconductor";"";"None";"";"";"";"";"";
"R1";"0";"R-US_R0402";"R0402";"RESISTOR, American symbol";"";"";"";"";"";"";"";"";"";"";"";"";"";"";"";"";"";"";"";
"R2";"1M";"R-US_R0402";"R0402";"RESISTOR, American symbol";"";"";"";"";"";"";"";"";"";"";"";"";"";"";"";"";"";"";"";
"R3";"910k";"R-US_R0402";"R0402";"RESISTOR, American symbol";"";"";"";"";"";"";"";"";"";"";"";"";"";"";"";"";"";"";"";
"R4";"200k";"R-US_R0402";"R0402";"RESISTOR, American symbol";"";"";"";"";"";"";"";"";"";"";"";"";"";"";"";"";"";"";"";
"R5";"540";"R-US_R0402";"R0402";"RESISTOR, American symbol";"";"";"";"";"";"";"";"";"";"";"";"";"";"";"";"";"";"";"";
"R6";"2k";"R-US_R0402";"R0402";"RESISTOR, American symbol";"";"";"";"";"";"";"";"";"";"";"";"";"";"";"";"";"";"";"";
"R7";"10k";"R-US_R0402";"R0402";"RESISTOR, American symbol";"";"";"";"";"";"";"";"";"";"";"";"";"";"";"";"";"";"";"";
"R10";"10k";"R-US_R0402";"R0402";"RESISTOR, American symbol";"";"";"";"";"";"";"";"";"";"";"";"";"";"";"";"";"";"";"";
"R11";"10k";"R-US_R0402";"R0402";"RESISTOR, American symbol";"";"";"";"";"";"";"";"";"";"";"";"";"";"";"";"";"";"";"";
"R12";"220";"R-US_R0402";"R0402";"RESISTOR, American symbol";"";"";"";"";"";"";"";"";"";"";"";"";"";"";"";"";"";"";"";
"U1";"MIC2877-5.5YFT-TR";"MIC2877-5.5YFT-TR";"FTQFN08_2X2_MCH";"";"";"";"";"Copyright (C) 2018 Accelerated Designs. All rights reserved";"http://ww1.microchip.com/downloads/en/DeviceDoc/20005873A.pdf";"";"";"MIC2877-5.5YFT-TR";"";"";"";"";"";"";"";"Microchip_2020-06-10";"";"";"Microchip";
